{
  "Get Link-2" : {
    "transaction" : "Get Link-2",
    "sampleCount" : 1,
    "errorCount" : 0,
    "errorPct" : 0.0,
    "meanResTime" : 363.0,
    "medianResTime" : 363.0,
    "minResTime" : 363.0,
    "maxResTime" : 363.0,
    "pct1ResTime" : 363.0,
    "pct2ResTime" : 363.0,
    "pct3ResTime" : 363.0,
    "throughput" : 2.7548209366391188,
    "receivedKBytesPerSec" : 1.0814824380165289,
    "sentKBytesPerSec" : 0.4116089876033058
  },
  "Get Link-1" : {
    "transaction" : "Get Link-1",
    "sampleCount" : 2,
    "errorCount" : 0,
    "errorPct" : 0.0,
    "meanResTime" : 2077.5,
    "medianResTime" : 2077.5,
    "minResTime" : 346.0,
    "maxResTime" : 3809.0,
    "pct1ResTime" : 3809.0,
    "pct2ResTime" : 3809.0,
    "pct3ResTime" : 3809.0,
    "throughput" : 0.5250721974271463,
    "receivedKBytesPerSec" : 71.19240614334471,
    "sentKBytesPerSec" : 0.13921591953268575
  },
  "get jmeter.apache.org home page" : {
    "transaction" : "get jmeter.apache.org home page",
    "sampleCount" : 6,
    "errorCount" : 0,
    "errorPct" : 0.0,
    "meanResTime" : 52.166666666666664,
    "medianResTime" : 47.0,
    "minResTime" : 26.0,
    "maxResTime" : 95.0,
    "pct1ResTime" : 95.0,
    "pct2ResTime" : 95.0,
    "pct3ResTime" : 95.0,
    "throughput" : 2.798507462686567,
    "receivedKBytesPerSec" : 35.757491837686565,
    "sentKBytesPerSec" : 0.3334159281716418
  },
  "Get Link-3" : {
    "transaction" : "Get Link-3",
    "sampleCount" : 1,
    "errorCount" : 1,
    "errorPct" : 100.0,
    "meanResTime" : 1317.0,
    "medianResTime" : 1317.0,
    "minResTime" : 1317.0,
    "maxResTime" : 1317.0,
    "pct1ResTime" : 1317.0,
    "pct2ResTime" : 1317.0,
    "pct3ResTime" : 1317.0,
    "throughput" : 0.7593014426727411,
    "receivedKBytesPerSec" : 18.24251376233865,
    "sentKBytesPerSec" : 0.1178993451025057
  },
  "Get Link" : {
    "transaction" : "Get Link",
    "sampleCount" : 27,
    "errorCount" : 3,
    "errorPct" : 11.111111,
    "meanResTime" : 427.14814814814815,
    "medianResTime" : 176.0,
    "minResTime" : 0.0,
    "maxResTime" : 4155.0,
    "pct1ResTime" : 1315.9999999999993,
    "pct2ResTime" : 3326.599999999996,
    "pct3ResTime" : 4155.0,
    "throughput" : 4.512786227644995,
    "receivedKBytesPerSec" : 326.96595431848573,
    "sentKBytesPerSec" : 0.7886929633962896
  },
  "Total" : {
    "transaction" : "Total",
    "sampleCount" : 39,
    "errorCount" : 4,
    "errorPct" : 10.256411,
    "meanResTime" : 463.61538461538464,
    "medianResTime" : 95.0,
    "minResTime" : 0.0,
    "maxResTime" : 4155.0,
    "pct1ResTime" : 1317.0,
    "pct2ResTime" : 3809.0,
    "pct3ResTime" : 4155.0,
    "throughput" : 6.416584402764067,
    "receivedKBytesPerSec" : 383.32648871956235,
    "sentKBytesPerSec" : 1.118596269332017
  },
  "Get Link-0" : {
    "transaction" : "Get Link-0",
    "sampleCount" : 2,
    "errorCount" : 0,
    "errorPct" : 0.0,
    "meanResTime" : 200.0,
    "medianResTime" : 200.0,
    "minResTime" : 56.0,
    "maxResTime" : 344.0,
    "pct1ResTime" : 344.0,
    "pct2ResTime" : 344.0,
    "pct3ResTime" : 344.0,
    "throughput" : 0.9103322712790168,
    "receivedKBytesPerSec" : 0.6222974510696404,
    "sentKBytesPerSec" : 0.24136251137915338
  }
}